,Gold_Close,DXY,Sunspot,Kp,Quake_Count
Gold_Close,1.0,0.9574225742857775,-0.12441526126958558,-0.9738941875070919,0.9521955847538661
DXY,0.9574225742857775,1.0,-0.09101777801144355,-0.9751612756538168,0.97474978927463
Sunspot,-0.12441526126958558,-0.09101777801144355,1.0,0.2522874467731517,-0.07739921997742127
Kp,-0.9738941875070919,-0.9751612756538169,0.2522874467731517,0.9999999999999999,-0.9670393422715008
Quake_Count,0.9521955847538661,0.9747497892746299,-0.07739921997742127,-0.9670393422715008,1.0
