Method,Faithfulness,Stability,Responsiveness,Clarity,Composite
SHAP,20.002644238960077,80.02904321457872,5.881050280812714,4.534125744609189,49.32221927066092
SHAP+,27.317202700596667,90.27089937909368,5.881050280812714,4.802598328593979,55.663033994445556
Q-SHAP+,28.333758504138192,83.98052305188112,8.518102062622964,4.644545599143681,53.97608727590511
